{
    "7": [
        {
            "min": 48,
            "dest": "赤川",
            "number": "50"
        }
    ],
    "8": [
        {
            "min": 16,
            "dest": "赤川",
            "number": "55A"
        },
        {
            "min": 21,
            "dest": "赤川",
            "number": "55C"
        },
        {
            "min": 52,
            "dest": "赤川",
            "number": "55A"
        }
    ],
    "9": [
        {
            "min": 17,
            "dest": "函館駅前",
            "number": "55A"
        },
        {
            "min": 39,
            "dest": "赤川",
            "number": "55A"
        },
        {
            "min": 41,
            "dest": "赤川",
            "number": "55C"
        },
        {
            "min": 56,
            "dest": "函館駅前",
            "number": "55B"
        }
    ],
    "10": [
        {
            "min": 11,
            "dest": "赤川",
            "number": "55A"
        },
        {
            "min": 28,
            "dest": "赤川",
            "number": "55C"
        }
    ],
    "11": [
        {
            "min": 17,
            "dest": "赤川",
            "number": "55A"
        },
        {
            "min": 37,
            "dest": "亀田支所前",
            "number": "55H"
        }
    ],
    "12": [
        {
            "min": 34,
            "dest": "赤川",
            "number": "55A"
        },
        {
            "min": 49,
            "dest": "昭和ターミナル",
            "number": "55G"
        }
    ],
    "13": [
        {
            "min": 26,
            "dest": "赤川",
            "number": "55A"
        },
        {
            "min": 46,
            "dest": "亀田支所前",
            "number": "55H"
        }
    ],
    "14": [
        {
            "min": 30,
            "dest": "赤川",
            "number": "55A"
        },
        {
            "min": 45,
            "dest": "函館駅前・西高校前",
            "number": "55C"
        }
    ],
    "15": [
        {
            "min": 3,
            "dest": "函館駅前",
            "number": "55A"
        }
    ],
    "16": [
        {
            "min": 2,
            "dest": "赤川",
            "number": "55A"
        },
        {
            "min": 3,
            "dest": "千代台",
            "number": "55F"
        },
        {
            "min": 22,
            "dest": "亀田支所前",
            "number": "55G"
        },
        {
            "min": 33,
            "dest": "赤川",
            "number": "55C"
        },
        {
            "min": 48,
            "dest": "函館駅前",
            "number": "55A"
        },
        {
            "min": 49,
            "dest": "赤川",
            "number": "55A"
        }
    ],
    "17": [
        {
            "min": 9,
            "dest": "昭和ターミナル",
            "number": "55G"
        },
        {
            "min": 41,
            "dest": "函館駅前",
            "number": "55A"
        },
        {
            "min": 52,
            "dest": "赤川",
            "number": "55A"
        }
    ],
    "18": [
        {
            "min": 17,
            "dest": "千代台",
            "number": "55F"
        },
        {
            "min": 40,
            "dest": "赤川",
            "number": "55A"
        },
        {
            "min": 47,
            "dest": "函館駅前",
            "number": "55A"
        }
    ],
    "19": [
        {
            "min": 5,
            "dest": "昭和ターミナル",
            "number": "55G"
        },
        {
            "min": 30,
            "dest": "赤川",
            "number": "55A"
        },
        {
            "min": 46,
            "dest": "赤川",
            "number": "55C"
        },
        {
            "min": 55,
            "dest": "昭和ターミナル",
            "number": "55G"
        }
    ],
    "20": [
        {
            "min": 10,
            "dest": "赤川",
            "number": "55A"
        },
        {
            "min": 11,
            "dest": "昭和ターミナル",
            "number": "55G"
        },
        {
            "min": 25,
            "dest": "函館駅前",
            "number": "55A"
        },
        {
            "min": 53,
            "dest": "赤川",
            "number": "55C"
        }
    ],
    "21": [
        {
            "min": 13,
            "dest": "昭和ターミナル",
            "number": "55G"
        }
    ]
}